year,frequency
2011,0.827251
2012,0.254801
2013,0.606219
2014,0.606219
2015,0.346581
2016,0.395975
2017,0.397011
2018,0.296422
2019,0.237320
2020,0.224562
2021,0.355208