year,frequency
2011,1.362530
2012,0.618129
2013,0.654484
2014,1.001823
2015,0.978179
2016,1.004690
2017,1.171015
2018,0.719881
2019,0.960745
2020,0.957061
2021,0.907943