year,frequency
2011,0.535280
2012,0.250083
2013,0.351375
2014,0.234371
2015,0.346581
2016,0.513991
2017,0.518783
2018,0.296422
2019,0.489544
2020,0.228839
2021,0.293322