year,frequency
2011,1.070560
2012,0.637003
2013,0.608149
2014,0.546867
2015,0.568894
2016,0.523308
2017,0.652232
2018,0.508152
2019,0.503302
2020,0.616475
2021,0.676506