word,frequency,frequency (%)
бизнес,31,0.029924801868852144
экономика,46,0.04440454470861931
развитие,151,0.14576274458698948
ресурсы,91,0.08784377322792081
освоение,116,0.11197667796086608
проект,186,0.17954881121311286
финансирование,0,0.0
бюджет,20,0.01930632378635622
инвестиции,0,0.0
политика,37,0.03571669900475901
