word,frequency,frequency (%)
бизнес,16,0.026689797824781477
экономика,17,0.02835791018883032
развитие,236,0.3936745179155268
ресурсы,69,0.11509975311937012
освоение,79,0.13178087675985853
проект,243,0.4053513044638687
финансирование,0,0.0
бюджет,18,0.030026022552879162
инвестиции,0,0.0
политика,24,0.040034696737172214
