word,frequency,frequency (%)
бизнес,43,0.036453343958494054
экономика,40,0.033910087403250286
развитие,410,0.3475783958833154
ресурсы,84,0.0712111835468256
освоение,73,0.06188590951093177
проект,344,0.29162675166795243
финансирование,0,0.0
бюджет,26,0.022041556812112683
инвестиции,0,0.0
политика,51,0.04323536143914411
