word,frequency,frequency (%)
бизнес,4,0.018874156561128674
экономика,6,0.028311234841693008
развитие,24,0.11324493936677203
ресурсы,9,0.04246685226253952
освоение,20,0.09437078280564337
проект,51,0.24064549615439057
финансирование,0,0.0
бюджет,15,0.07077808710423253
инвестиции,0,0.0
политика,2,0.009437078280564337
