word,frequency,frequency (%)
бизнес,2,0.04866180048661801
экономика,1,0.024330900243309004
развитие,17,0.413625304136253
ресурсы,9,0.21897810218978103
освоение,12,0.291970802919708
проект,13,0.31630170316301703
финансирование,0,0.0
бюджет,0,0.0
инвестиции,0,0.0
политика,2,0.04866180048661801
