word,frequency,frequency (%)
бизнес,4,0.016137491426957678
экономика,5,0.0201718642836971
развитие,110,0.4437810142413362
ресурсы,19,0.07665308427804898
освоение,10,0.0403437285673942
проект,107,0.4316778956711179
финансирование,0,0.0
бюджет,2,0.008068745713478839
инвестиции,0,0.0
политика,8,0.032274982853915356
