word,frequency,frequency (%)
бизнес,14,0.021739805584024347
экономика,12,0.01863411907202087
развитие,231,0.3587067921364017
ресурсы,82,0.12733314699214263
освоение,113,0.17547128792819652
проект,160,0.24845492096027827
финансирование,0,0.0
бюджет,5,0.007764216280008696
инвестиции,0,0.0
политика,30,0.04658529768005218
