word,frequency,frequency (%)
бизнес,13,0.030583198061495752
экономика,17,0.039993412849648295
развитие,102,0.23996047709788976
ресурсы,25,0.058813842425953375
освоение,46,0.1082174700637542
проект,82,0.19290940315712707
финансирование,0,0.0
бюджет,0,0.0
инвестиции,0,0.0
политика,21,0.04940362763780084
