word,frequency,frequency (%)
бизнес,10,0.011400688601591536
экономика,25,0.028501721503978842
развитие,307,0.3500011400688602
ресурсы,113,0.12882778119798435
освоение,150,0.17101032902387303
проект,199,0.2268737031716716
финансирование,0,0.0
бюджет,12,0.013680826321909844
инвестиции,0,0.0
политика,42,0.04788289212668445
