word,frequency,frequency (%)
бизнес,67,0.03582293844335965
экономика,105,0.056140425918697966
развитие,751,0.4015377129994493
ресурсы,68,0.036357609166394876
освоение,79,0.04223898711978228
проект,547,0.29246488550026467
финансирование,0,0.0
бюджет,65,0.03475359699728922
инвестиции,0,0.0
политика,108,0.05774443808780362
