word,frequency,frequency (%)
бизнес,4,0.006127357117691212
экономика,18,0.027573107029610452
развитие,146,0.22364853479572921
ресурсы,62,0.09497403532421378
освоение,146,0.22364853479572921
проект,220,0.3370046414730167
финансирование,0,0.0
бюджет,9,0.013786553514805226
инвестиции,0,0.0
политика,49,0.07506012469171736
