word,frequency,frequency (%)
бизнес,19,0.021782995505824087
экономика,24,0.027515362744198843
развитие,282,0.32330551224433646
ресурсы,73,0.08369256168027149
освоение,77,0.0882784554709713
проект,295,0.3382096670641108
финансирование,0,0.0
бюджет,19,0.021782995505824087
инвестиции,0,0.0
политика,49,0.05617719893607265
