word,frequency,frequency (%)
экология,36,0.060052045105758324
загрязнение,28,0.046707146193367584
окружающая среда,0,0.0
климат,27,0.04503903382931874
изменение климата,0,0.0
охрана,12,0.020017348368586107
природа,34,0.05671582037766064
экологический,101,0.16847934876893308
