word,frequency,frequency (%)
экология,65,0.07410447591034498
загрязнение,17,0.019381170622705612
окружающая среда,0,0.0
климат,82,0.0934856465330506
изменение климата,0,0.0
охрана,15,0.017101032902387302
природа,37,0.042182547825888685
экологический,88,0.1003260596940055
